{"val_loss": [0.7475475016981363, 0.622010382934142, 0.6095661547476963, 0.6068775161658808, 0.6048282037915315, 0.5826976644980201, 0.5726981987324307, 0.5789381241331161, 0.7012319553296192, 0.6131628491300143, 0.6073760764231368, 0.5427658934367158, 0.6187499011156418, 0.5918254973051154, 0.5994865484219991], "val_acc": [0.5169491525423728, 0.6440677966101694, 0.6610169491525424, 0.6610169491525424, 0.7033898305084746, 0.7033898305084746, 0.711864406779661, 0.6694915254237288, 0.6186440677966102, 0.6949152542372882, 0.7033898305084746, 0.7627118644067796, 0.652542372881356, 0.6864406779661016, 0.652542372881356], "loss": [0.8212061065786025, 0.6231698392419254, 0.583489913519691, 0.5671912595805, 0.5275220506331499, 0.5167312069500194, 0.49509580107296214, 0.4656299226424273, 0.48269710737116195, 0.4717079875048469, 0.430752950556138, 0.43200849350760967, 0.43131441032185275, 0.4071129153756534, 0.4014199770198149], "acc": [0.5552941176470588, 0.6447058823529411, 0.6988235294117647, 0.7411764705882353, 0.7741176470588236, 0.788235294117647, 0.7929411764705883, 0.8235294117647058, 0.8164705882352942, 0.8164705882352942, 0.8305882352941176, 0.8423529411764706, 0.84, 0.8564705882352941, 0.8447058823529412]}