{"val_loss": [0.6326061271257319, 0.5416921238272877, 0.4986336695945869, 0.49928065698783275, 0.5944412969431635, 0.5316322253606582, 0.5619842170785039, 0.4867947189674034, 0.5710916241662483, 0.5526685400597625, 0.5170543382291571, 0.4294330312286393, 0.6615542507083234, 0.5495079302749897, 0.46326644586051924, 0.4509483315682007, 0.5450441941492639, 0.45706215440848114, 0.47182994102269915], "val_acc": [0.6610169491525424, 0.7457627118644068, 0.7711864406779662, 0.7372881355932204, 0.7372881355932204, 0.7457627118644068, 0.7372881355932204, 0.7796610169491526, 0.7203389830508474, 0.7796610169491526, 0.7457627118644068, 0.8305084745762712, 0.7203389830508474, 0.7372881355932204, 0.8050847457627118, 0.8050847457627118, 0.7711864406779662, 0.8220338983050848, 0.788135593220339], "loss": [0.6525186945410336, 0.5326157165976132, 0.4295450732287239, 0.37116500588024365, 0.3361167902104995, 0.28402104167377246, 0.3148369348750395, 0.2743631196022034, 0.2774100516824161, 0.2637738080585704, 0.237877601034501, 0.2554569693172679, 0.24783022123224596, 0.20921514048295864, 0.23769445966271793, 0.2305149124650394, 0.2021147998641519, 0.2062181026795331, 0.20249913944917566], "acc": [0.611764705882353, 0.7458823529411764, 0.8329411764705882, 0.8917647058823529, 0.9152941176470588, 0.9435294117647058, 0.9035294117647059, 0.9458823529411765, 0.9435294117647058, 0.9552941176470588, 0.971764705882353, 0.9435294117647058, 0.9482352941176471, 0.9811764705882353, 0.9647058823529412, 0.9647058823529412, 0.9835294117647059, 0.9741176470588235, 0.9788235294117648]}